تاریخ,ساعت,مسابقات,فصل,عنوان,حریف,گل زده,گل خورده,تفاضل گل,امتیاز,بازی در خانه,لینک بازی
1403/10/13,15:45,لیگ برتر ایران,1403-1404,هفته 15,استقلال خوزستان,3,0,3,3,1,https://video.varzesh3.com/video/363659/خلاصه-بازی-تراکتور-3-استقلال-خوزستان-0
1403/11/02,15:00,لیگ برتر ایران,1403-1404,هفته 16,مس رفسنجان,5,1,4,3,1,https://video.varzesh3.com/video/365660/خلاصه-بازی-تراکتور-5-مس-رفسنجان-1
1403/11/07,15:00,لیگ برتر ایران,1403-1404,هفته 17,پرسپولیس,0,2,-2,0,0,https://video.varzesh3.com/video/366220/خلاصه-بازی-پرسپولیس-2-تراکتور-0
1403/11/13,15:30,لیگ برتر ایران,1403-1404,هفته 18,هوادار,4,0,4,3,1,https://video.varzesh3.com/video/366886/خلاصه-بازی-تراکتور-4-هوادار-0
1403/11/18,16:10,لیگ برتر ایران,1403-1404,هفته 19,ذوب آهن,1,0,1,3,0,https://video.varzesh3.com/video/367419/خلاصه-بازی-ذوب-آهن-0-تراکتور-1
1403/11/23,17:30,لیگ قهرمانان آسیا دو,2024-2025,یک هشتم نهایی,الخالدیه بحرین,2,1,1,3,0,https://video.varzesh3.com/video/367961/خلاصه-بازی-الخالدیه-1-تراکتور-2-گزارش-اختصاصی
1403/11/30,17:30,لیگ قهرمانان آسیا دو,2024-2025,یک هشتم نهایی,الخالدیه بحرین,3,3,0,1,1,https://video.varzesh3.com/video/368641/خلاصه-بازی-تراکتور-3-الخالدیه-3-گزارش-اختصاصی
1403/12/04,16:00,لیگ برتر ایران,1403-1404,هفته 20,خیبر خرم آباد,1,0,1,3,1,https://video.varzesh3.com/video/369026/خلاصه-بازی-تراکتور-1-خیبر-خرم-آباد-0
1403/12/09,14:30,لیگ برتر ایران,1403-1404,هفته 21,سپاهان,0,0,0,1,1,https://video.varzesh3.com/video/369485/خلاصه-بازی-تراکتور-0-سپاهان-0
1403/12/14,19:30,لیگ قهرمانان آسیا دو,2024-2025,یک چهارم نهایی,التعاون,0,0,0,1,1,https://video.varzesh3.com/video/369995/خلاصه-بازی-تراکتور-ایران-0-التعاون-عربستان-0-گزارش-اختصاصی
1403/12/21,23:30,لیگ قهرمانان آسیا دو,2024-2025,یک چهارم نهایی,التعاون,2,2,0,1,0,https://video.varzesh3.com/video/370584/خلاصه-بازی-التعاون-24-تراکتور-22-گزارش-اختصاصی
1403/12/26,19:30,لیگ برتر ایران,1403-1404,هفته 23,گل گهر سیرجان,2,1,1,3,1,https://video.varzesh3.com/video/370951/خلاصه-بازی-تراکتور-2-گل-گهرسیرجان-1
1404/01/09,19:15,لیگ برتر ایران,1403-1404,هفته 24,آلومینیوم اراک,1,0,1,3,0,https://video.varzesh3.com/video/371902/خلاصه-بازی-آلومینیوم-0-تراکتور-1
1404/01/15,18:25,لیگ برتر ایران,1403-1404,هفته 25,استقلال,2,1,1,3,1,https://video.varzesh3.com/video/372365/خلاصه-بازی-تراکتور-2-استقلال-1
1404/01/22,17:45,لیگ برتر ایران,1403-1404,هفته 26,چادرملو اردکان,2,2,0,1,0,https://video.varzesh3.com/video/372941/خلاصه-بازی-چادرملو-اردکان-2-تراکتور-2
1404/01/29,17:00,لیگ برتر ایران,1403-1404,هفته 27,ملوان,3,0,3,3,1,https://video.varzesh3.com/video/373575/خلاصه-بازی-تراکتور-3-ملوان-0
1404/02/05,19:30,لیگ برتر ایران,1403-1404,هفته 22,فولاد,2,1,1,3,0,https://video.varzesh3.com/video/374209/خلاصه-بازی-فولاد-0-تراکتور-1
1404/02/12,19:30,لیگ برتر ایران,1403-1404,هفته 28,شمس آذر قزوین,4,0,4,3,0,https://video.varzesh3.com/video/374948/خلاصه-بازی-شمس-آذر-0-تراکتور-4
1404/02/18,19:30,لیگ برتر ایران,1403-1404,هفته 29,نساجی مازندران,3,3,0,1,1,https://video.varzesh3.com/video/375618/خلاصه-بازی-تراکتور-3-نساجی-3
1404/02/25,20:00,لیگ برتر ایران,1403-1404,هفته 30,استقلال خوزستان,3,1,2,3,0,https://video.varzesh3.com/video/376452/خلاصه-بازی-استقلال-خوزستان-1-تراکتور-3
1404/04/27,17:30,دوستانه,باشگاهی,,سیواس اسپور,4,0,4,3,0,
1404/04/31,18:30,دوستانه,باشگاهی,,گنچلربیرلی,2,0,2,3,0,
1404/05/03,17:30,دوستانه,باشگاهی,,سریک اسپور,2,0,2,3,0,
1404/05/20,19:30,سوپرجام ایران,1404,فینال,استقلال,2,1,1,3,1,https://video.varzesh3.com/video/381907/خلاصه-بازی-تراکتور-2-استقلال-1
1403/02/22,18:50,لیگ برتر ایران,1402-1403,هفته 27,گل گهر سیرجان,2,0,2,3,1,https://video.varzesh3.com/video/332481/خلاصه-بازی-تراکتور-2-گل-گهر-0
1403/02/27,19:00,جام حذفی ایران,1402-1403,یک چهارم نهایی,مس رفسنجان,0,1,-1,0,1,https://video.varzesh3.com/video/332961/خلاصه-بازی-تراکتور-0-مس-رفسنجان-1
1403/03/04,19:45,لیگ برتر ایران,1402-1403,هفته 28,پیکان,0,0,0,1,0,https://video.varzesh3.com/video/333597/خلاصه-بازی-پیکان-0-تراکتور-0
1403/03/08,20:00,لیگ برتر ایران,1402-1403,هفته 29,ملوان,3,1,2,3,1,https://video.varzesh3.com/video/334053/خلاصه-بازی-تراکتور-3-ملوان-1
1403/03/12,19:00,لیگ برتر ایران,1402-1403,هفته 30,صنعت نفت آبادان,3,0,3,3,0,https://video.varzesh3.com/video/334505/خلاصه-بازی-صنعت-نفت-0-تراکتور-3
1403/05/26,19:15,لیگ برتر ایران,1403-1404,هفته 1,مس رفسنجان,2,0,2,3,0,https://video.varzesh3.com/video/350311/خلاصه-بازی-مس-رفسنجان-0-تراکتور-2
1403/06/01,19:45,لیگ برتر ایران,1403-1404,هفته 2,پرسپولیس,1,1,0,1,1,https://video.varzesh3.com/video/350918/خلاصه-بازی-تراکتور-1-پرسپولیس-1
1403/06/08,19:15,لیگ برتر ایران,1403-1404,هفته 3,هوادار,4,0,4,3,0,https://video.varzesh3.com/video/351563/خلاصه-بازی-هوادار-0-تراکتور-4
1403/06/23,19:30,لیگ برتر ایران,1403-1404,هفته 4,ذوب آهن,0,1,-1,0,1,https://video.varzesh3.com/video/352816/خلاصه-بازی-تراکتور-0-ذوب-آهن-1
1403/06/28,19:30,لیگ قهرمانان آسیا دو,2024-2025,هفته 1,الوکره قطر,3,0,3,3,0,https://video.varzesh3.com/video/353357/خلاصه-بازی-الوکره-قطر-0-تراکتور-ایران-3
1403/07/01,19:00,لیگ برتر ایران,1403-1404,هفته 5,خیبر خرم آباد,2,1,1,3,0,https://video.varzesh3.com/video/353772/خلاصه-بازی-خیبر-خرم-آباد-1-تراکتور-2
1403/07/06,18:30,لیگ برتر ایران,1403-1404,هفته 6,سپاهان,1,0,1,3,0,https://video.varzesh3.com/video/354285/خلاصه-بازی-سپاهان-0-تراکتور-1
1403/07/15,17:30,لیگ برتر ایران,1403-1404,هفته 7,فولاد,1,2,-1,0,1,https://video.varzesh3.com/video/355158/خلاصه-بازی-تراکتور-1-فولاد-2
1403/08/02,17:30,لیگ قهرمانان آسیا دو,2024-2025,هفته 3,روشن تاجیکستان,3,1,2,3,0,https://video.varzesh3.com/video/356592/خلاصه-بازی-روشن-تاجیکستان-1-تراکتور-ایران-3-گزارش-اختصاصی
1403/08/06,17:00,لیگ برتر ایران,1403-1404,هفته 9,آلومینیوم اراک,2,0,2,3,1,https://video.varzesh3.com/video/357024/خلاصه-بازی-تراکتور-2-آلومینیوم-اراک-0
1403/08/10,17:45,لیگ برتر ایران,1403-1404,هفته 10,استقلال,2,0,2,3,0,https://video.varzesh3.com/video/357466/خلاصه-بازی-استقلال-0-تراکتور-2
1403/08/16,19:30,لیگ قهرمانان آسیا دو,2024-2025,هفته 4,روشن تاجیکستان,7,0,7,3,1,https://video.varzesh3.com/video/358145/خلاصه-بازی-تراکتور-ایران-7-روشن-تاجیکستان-0-گزارش-اختصاصی
1403/09/02,15:00,جام حذفی ایران,,یک شانزدهم نهایی,گل گهر سیرجان,1,2,-1,0,1,https://video.varzesh3.com/video/359466/خلاصه-بازی-تراکتور-1-گل-گهر-سیرجان-2
1403/09/07,19:30,لیگ قهرمانان آسیا دو,2024-2025,هفته 5,الوکره قطر,3,3,0,1,1,https://video.varzesh3.com/video/359994/خلاصه-بازی-تراکتور-3-الوکره-قطر-3-گزارش-اختصاصی
1403/09/13,16:30,لیگ برتر ایران,1403-1404,هفته 11,چادرملو اردکان,1,0,1,3,1,https://video.varzesh3.com/video/360565/خلاصه-بازی-تراکتور-1-چادرملو-0
1403/09/19,17:30,لیگ برتر ایران,1403-1404,هفته 8,گل گهر سیرجان,2,0,2,3,0,https://video.varzesh3.com/video/361184/خلاصه-بازی-گل-گهرسیرجان-0-تراکتور-2
1403/09/26,16:15,لیگ برتر ایران,1403-1404,هفته 12,ملوان,2,0,2,3,0,https://video.varzesh3.com/video/361909/خلاصه-بازی-ملوان-0-تراکتور-2
1403/10/01,15:30,لیگ برتر ایران,1403-1404,هفته 13,شمس آذر قزوین,0,1,-1,0,1,https://video.varzesh3.com/video/362384/خلاصه-بازی-تراکتور-0-شمس-آذر-قزوین-1
1403/10/07,17:30,لیگ برتر ایران,1403-1404,هفته 14,نساجی مازندران,1,1,0,1,0,https://video.varzesh3.com/video/363032/خلاصه-بازی-نساجی-مازندران-1-تراکتور-1
1402/06/29,18:00,لیگ برتر ایران,1402-1403,هفته 5,هوادار,1,0,1,3,0,https://video.varzesh3.com/video/311236/خلاصه-بازی-هوادار-0-تراکتور-1
1402/07/13,17:15,لیگ برتر ایران,1402-1403,هفته 7,آلومینیوم اراک,4,0,4,3,0,https://video.varzesh3.com/video/312770/خلاصه-بازی-آلومینیوم-اراک-0-تراکتور-4
1402/07/29,18:15,لیگ برتر ایران,1402-1403,هفته 6,شمس آذر قزوین,2,3,-1,0,1,https://video.varzesh3.com/video/314174/خلاصه-بازی-تراکتور-2-شمس-آذر-3
1402/08/05,18:00,لیگ برتر ایران,1402-1403,هفته 8,ذوب آهن,0,1,-1,0,0,https://video.varzesh3.com/video/314780/خلاصه-بازی-ذوب-آهن-1-تراکتور-0
1402/08/11,15:30,لیگ برتر ایران,1402-1403,هفته 9,نساجی مازندران,3,0,3,3,1,https://video.varzesh3.com/video/315398/خلاصه-بازی-تراکتور-3-نساجی-0
1402/08/20,16:20,لیگ برتر ایران,1402-1403,هفته 10,استقلال,0,2,-2,0,0,https://video.varzesh3.com/video/316357/خلاصه-بازی-استقلال-2-تراکتور-0
1402/09/04,15:00,لیگ برتر ایران,1402-1403,هفته 11,فولاد,2,0,2,3,1,https://video.varzesh3.com/video/317655/خلاصه-بازی-تراکتور-2-فولاد-0
1402/09/16,15:00,لیگ برتر ایران,1402-1403,هفته 12,گل گهر سیرجان,1,0,1,3,0,https://video.varzesh3.com/video/318722/خلاصه-بازی-گل-گهر-0-تراکتور-1
1402/09/27,15:00,لیگ برتر ایران,1402-1403,هفته 13,پیکان,2,0,2,3,1,https://video.varzesh3.com/video/319720/خلاصه-بازی-تراکتور-2-پیکان-0
1402/10/04,15:00,لیگ برتر ایران,1402-1403,هفته 14,ملوان,0,0,0,1,0,https://video.varzesh3.com/video/320425/خلاصه-بازی-ملوان-0-تراکتور-0
1402/10/09,15:00,لیگ برتر ایران,1402-1403,هفته 15,صنعت نفت آبادان,3,0,3,3,1,https://video.varzesh3.com/video/320787/خلاصه-بازی-تراکتور-3-صنعت-نفت-آبادان-0
1402/11/19,14:00,جام حذفی ایران,1402-1403,یک شانزدهم نهایی,چوکا تالش,3,0,3,3,0,
1402/12/02,17:15,لیگ برتر ایران,1402-1403,هفته 17,پرسپولیس,0,2,-2,0,0,https://video.varzesh3.com/video/325278/خلاصه-بازی-پرسپولیس-2-تراکتور-0
1402/12/09,14:30,لیگ برتر ایران,1402-1403,هفته 18,استقلال خوزستان,2,0,2,3,1,https://video.varzesh3.com/video/325964/خلاصه-بازی-تراکتور-2-استقلال-خوزستان-0
1402/12/18,15:45,لیگ برتر ایران,1402-1403,هفته 19,مس رفسنجان,1,1,0,1,0,https://video.varzesh3.com/video/326784/خلاصه-بازی-مس-رفسنجان-1-تراکتور-1
1402/12/23,19:00,لیگ برتر ایران,1402-1403,هفته 20,هوادار,4,2,2,3,1,https://video.varzesh3.com/video/327311/خلاصه-بازی-تراکتور-4-هوادار-2
1402/12/27,19:00,لیگ برتر ایران,1402-1403,هفته 21,شمس آذر قزوین,2,0,2,3,0,https://video.varzesh3.com/video/327719/خلاصه-بازی-شمس-آذر-0-تراکتور-2
1403/01/15,19:30,لیگ برتر ایران,1402-1403,هفته 16,سپاهان,0,0,0,1,1,https://video.varzesh3.com/video/328885/خلاصه-بازی-تراکتور-0-سپاهان-0
1403/01/20,19:30,لیگ برتر ایران,1402-1403,هفته 22,آلومینیوم اراک,1,1,0,1,1,https://video.varzesh3.com/video/329351/خلاصه-بازی-تراکتور-1-آلومینیوم-1
1403/01/24,17:00,لیگ برتر ایران,1402-1403,هفته 23,ذوب آهن,1,4,-3,0,1,https://video.varzesh3.com/video/329729/خلاصه-بازی-تراکتور-1-ذوب-آهن-4
1403/01/31,16:30,لیگ برتر ایران,1402-1403,هفته 24,نساجی مازندران,0,1,-1,0,0,https://video.varzesh3.com/video/330426/خلاصه-بازی-نساجی-1-تراکتور-0
1403/02/07,18:30,جام حذفی ایران,1402-1403,یک هشتم نهایی,ذوب آهن,1,1,0,1,1,https://video.varzesh3.com/video/331115/خلاصه-بازی-تراکتور-1-3-ذوب-آهن-1-1
1403/02/12,17:00,لیگ برتر ایران,1402-1403,هفته 25,استقلال,0,0,0,1,1,https://video.varzesh3.com/video/331584/خلاصه-بازی-تراکتور-0-استقلال-0
1403/02/17,19:30,لیگ برتر ایران,1402-1403,هفته 26,فولاد,2,0,2,3,0,https://video.varzesh3.com/video/332022/خلاصه-بازی-فولاد-0-تراکتور-2
1401/10/04,14:00,لیگ برتر ایران,1401-1402,هفته 13,مس کرمان,0,0,0,1,1,https://video.varzesh3.com/video/268166/
1401/10/10,15:00,لیگ برتر ایران,1401-1402,هفته 14,نساجی مازندران,0,2,-2,0,0,https://video.varzesh3.com/video/268664/
1401/10/16,14:00,لیگ برتر ایران,1401-1402,هفته 15,استقلال,2,0,2,3,1,https://video.varzesh3.com/video/269186/
1401/10/22,15:00,جام حذفی ایران,1401-1402,یک شانزدهم,استقلال,1,2,-1,0,0,https://video.varzesh3.com/video/269752/
1401/11/01,15:00,لیگ برتر ایران,1401-1402,هفته 16,گل گهر سیرجان,2,2,0,1,1,https://video.varzesh3.com/video/270489/
1401/11/07,14:00,لیگ برتر ایران,1401-1402,هفته 17,ذوب آهن,3,1,2,3,0,https://video.varzesh3.com/video/270946/
1401/11/12,14:00,لیگ برتر ایران,1401-1402,هفته 18,فولاد,1,0,1,3,1,https://video.varzesh3.com/video/271353/
1401/11/19,14:00,لیگ برتر ایران,1401-1402,هفته 19,هوادار,1,0,1,3,0,https://video.varzesh3.com/video/272024/خلاصه-بازی-هوادار-0-تراکتور-1
1401/11/24,15:00,لیگ برتر ایران,1401-1402,هفته 20,آلومینیوم اراک,0,0,0,1,1,https://video.varzesh3.com/video/272438/خلاصه-بازی-تراکتور-0-آلومینیوم-0-گزارش-اختصاصی
1401/12/09,18:00,لیگ برتر ایران,1401-1402,هفته 21,صنعت نفت آبادان,3,1,2,3,0,https://video.varzesh3.com/video/273859/خلاصه-بازی-صنعت-نفت-آبادان-1-تراکتور-3
1401/12/14,16:00,لیگ برتر ایران,1401-1402,هفته 22,پرسپولیس,2,3,-1,0,1,https://video.varzesh3.com/video/274273/خلاصه-بازی-تراکتور-2-پرسپولیس-3
1401/12/20,15:00,لیگ برتر ایران,1401-1402,هفته 23,مس رفسنجان,0,1,-1,0,1,https://video.varzesh3.com/video/274862/خلاصه-بازی-تراکتور-0-مس-رفسنجان-1
1402/01/10,19:15,لیگ برتر ایران,1401-1402,هفته 24,نفت مسجدسلیمان,5,1,4,3,0,https://video.varzesh3.com/video/276289/خلاصه-بازی-نفت-مسجد-سلیمان-1-تراکتور-5
1402/01/18,21:30,لیگ برتر ایران,1401-1402,هفته 25,سپاهان,1,0,1,3,1,https://video.varzesh3.com/video/277151/خلاصه-بازی-تراکتور-1-سپاهان-0
1402/01/26,19:30,لیگ برتر ایران,1401-1402,هفته 26,ملوان,1,1,0,1,0,https://video.varzesh3.com/video/297868/خلاصه-بازی-ملوان-1-تراکتور-1
1402/02/03,15:30,لیگ برتر ایران,1401-1402,هفته 27,پیکان,1,0,1,3,1,https://video.varzesh3.com/video/298596/خلاصه-بازی-تراکتور-1-پیکان-0
1402/02/15,18:00,لیگ برتر ایران,1401-1402,هفته 28,مس کرمان,3,1,2,3,0,https://video.varzesh3.com/video/299810/خلاصه-بازی-مس-کرمان-1-تراکتور-3
1402/02/22,18:00,لیگ برتر ایران,1401-1402,هفته 29,نساجی مازندران,1,0,1,3,1,https://video.varzesh3.com/video/300490/خلاصه-بازی-تراکتور-1-نساجی-مازندران-0
1402/02/28,18:00,لیگ برتر ایران,1401-1402,هفته 30,استقلال,1,7,-6,0,0,https://video.varzesh3.com/video/301121/خلاصه-بازی-استقلال-7-تراکتور-1
1402/05/19,19:00,لیگ برتر ایران,1402-1403,هفته 1,سپاهان,1,3,-2,0,0,https://video.varzesh3.com/video/307412/خلاصه-بازی-سپاهان-3-تراکتور-1
1402/05/25,19:00,لیگ برتر ایران,1402-1403,هفته 2,پرسپولیس,0,1,-1,0,1,https://video.varzesh3.com/video/308014/خلاصه-بازی-تراکتور-0-پرسپولیس-1
1402/05/31,19:30,لیگ نخبگان آسیا,2023-2024,مقدماتی,شارجه امارات,1,3,-2,0,1,https://video.varzesh3.com/video/308531/خلاصه-بازی-تراکتور-1-شارجه-3
1402/06/06,20:00,لیگ برتر ایران,1402-1403,هفته 4,مس رفسنجان,1,0,1,3,1,https://video.varzesh3.com/video/309252/خلاصه-بازی-تراکتور-1-مس-رفسنجان-0
1402/06/11,21:30,لیگ برتر ایران,1402-1403,هفته 3,استقلال خوزستان,1,0,1,3,0,https://video.varzesh3.com/video/309782/خلاصه-بازی-استقلال-خوزستان-0-تراکتور-1
1400/12/04,16:30,لیگ برتر ایران,1400-1401,هفته 19,پیکان,0,0,0,1,0,https://video.varzesh3.com/video/247097/
1400/12/09,14:30,لیگ برتر ایران,1400-1401,هفته 20,سپاهان,2,2,0,1,1,https://video.varzesh3.com/video/247401/
1400/12/15,14:30,لیگ برتر ایران,1400-1401,هفته 21,شهرخودرو مشهد,0,0,0,1,0,https://video.varzesh3.com/video/247739/
1400/12/21,15:00,لیگ برتر ایران,1400-1401,هفته 22,فولاد,1,2,-1,0,1,https://video.varzesh3.com/video/248164/
1400/12/26,15:00,لیگ برتر ایران,1400-1401,هفته 23,آلومینیوم اراک,0,1,-1,0,0,https://video.varzesh3.com/video/248425/
1401/01/14,20:30,لیگ برتر ایران,1400-1401,هفته 24,مس رفسنجان,1,0,1,3,1,https://video.varzesh3.com/video/249300/
1401/02/13,20:30,لیگ برتر ایران,1400-1401,هفته 25,نفت مسجدسلیمان,1,1,0,1,0,https://video.varzesh3.com/video/251079/
1401/02/19,17:30,لیگ برتر ایران,1400-1401,هفته 26,هوادار,3,2,1,3,1,https://video.varzesh3.com/video/251420/
1401/02/24,20:00,لیگ برتر ایران,1400-1401,هفته 27,ذوب آهن,0,0,0,1,0,https://video.varzesh3.com/video/251798/
1401/02/29,19:00,لیگ برتر ایران,1400-1401,هفته 28,پرسپولیس,0,3,-3,0,1,
1401/03/04,20:00,لیگ برتر ایران,1400-1401,هفته 29,فجر سپاسی,2,1,1,3,1,https://video.varzesh3.com/video/252538/
1401/03/10,18:30,لیگ برتر ایران,1400-1401,هفته 30,نساجی مازندران,3,0,3,3,0,
1401/05/22,20:30,لیگ برتر ایران,1401-1402,هفته 1,گل گهر سیرجان,1,2,-1,0,0,https://video.varzesh3.com/video/257367/
1401/05/28,18:30,لیگ برتر ایران,1401-1402,هفته 2,ذوب آهن,1,1,0,1,1,https://video.varzesh3.com/video/257884/
1401/06/04,21:30,لیگ برتر ایران,1401-1402,هفته 3,فولاد,2,3,-1,0,0,https://video.varzesh3.com/video/258497/
1401/06/09,17:45,لیگ برتر ایران,1401-1402,هفته 4,هوادار,0,0,0,1,1,https://video.varzesh3.com/video/258988/
1401/06/14,19:00,لیگ برتر ایران,1401-1402,هفته 5,آلومینیوم اراک,2,0,2,3,0,https://video.varzesh3.com/video/259455/
1401/06/19,17:00,لیگ برتر ایران,1401-1402,هفته 6,صنعت نفت آبادان,1,0,1,3,1,https://video.varzesh3.com/video/259938/
1401/07/10,17:00,لیگ برتر ایران,1401-1402,هفته 7,پرسپولیس,1,0,1,3,0,https://video.varzesh3.com/video/261296/
1401/07/15,18:00,لیگ برتر ایران,1401-1402,هفته 8,مس رفسنجان,0,1,-1,0,0,https://video.varzesh3.com/video/261648/
1401/07/22,16:30,لیگ برتر ایران,1401-1402,هفته 9,نفت مسجدسلیمان,3,2,1,3,1,https://video.varzesh3.com/video/262107/
1401/07/28,15:00,لیگ برتر ایران,1401-1402,هفته 10,سپاهان,2,4,-2,0,0,https://video.varzesh3.com/video/262471/
1401/08/05,15:00,لیگ برتر ایران,1401-1402,هفته 11,ملوان,1,1,0,1,1,https://video.varzesh3.com/video/263021/
1401/09/29,15:00,لیگ برتر ایران,1401-1402,هفته 12,پیکان,1,0,1,3,0,https://video.varzesh3.com/video/267801/
1400/04/19,20:15,لیگ برتر ایران,1399-1400,هفته 27,گل گهر سیرجان,1,0,1,3,1,https://video.varzesh3.com/video/235506/
1400/04/29,21:15,لیگ برتر ایران,1399-1400,هفته 28,آلومینیوم اراک,3,1,2,3,0,https://video.varzesh3.com/video/236040/
1400/05/03,21:15,لیگ برتر ایران,1399-1400,هفته 29,پرسپولیس,1,3,-2,0,0,https://video.varzesh3.com/video/236264/
1400/05/08,21:15,لیگ برتر ایران,1399-1400,هفته 30,سایپا,5,1,4,3,1,https://video.varzesh3.com/video/236508/
1400/06/23,20:30,لیگ نخبگان آسیا,2021,یک هشتم نهایی,النصر,0,1,-1,0,0,https://video.varzesh3.com/video/238540/
1400/07/28,16:00,لیگ برتر ایران,1400-1401,هفته 1,گل گهر سیرجان,1,4,-3,0,0,https://video.varzesh3.com/video/240229/
1400/08/03,18:00,لیگ برتر ایران,1400-1401,هفته 2,صنعت نفت آبادان,3,0,3,3,1,https://video.varzesh3.com/video/240531/
1400/08/08,18:00,لیگ برتر ایران,1400-1401,هفته 3,استقلال,0,1,-1,0,0,https://video.varzesh3.com/video/240780/
1400/08/14,16:00,لیگ برتر ایران,1400-1401,هفته 4,پیکان,1,2,-1,0,1,https://video.varzesh3.com/video/241127/
1400/08/28,18:00,لیگ برتر ایران,1400-1401,هفته 5,سپاهان,0,0,0,1,0,https://video.varzesh3.com/video/241874/
1400/09/03,15:00,لیگ برتر ایران,1400-1401,هفته 6,شهرخودرو مشهد,1,0,1,3,1,https://video.varzesh3.com/video/242121/
1400/09/09,16:00,لیگ برتر ایران,1400-1401,هفته 7,فولاد,0,0,0,1,0,https://video.varzesh3.com/video/242490/
1400/09/14,15:00,لیگ برتر ایران,1400-1401,هفته 8,آلومینیوم اراک,0,2,-2,0,1,https://video.varzesh3.com/video/242758/
1400/09/19,15:00,لیگ برتر ایران,1400-1401,هفته 9,مس رفسنجان,2,3,-1,0,0,https://video.varzesh3.com/video/243031/
1400/09/24,15:00,لیگ برتر ایران,1400-1401,هفته 10,نفت مسجدسلیمان,2,0,2,3,1,https://video.varzesh3.com/video/243293/
1400/09/29,15:00,جام حذفی ایران,1400-1401,1/16 نهایی,مس رفسنجان,0,0,0,1,1,https://video.varzesh3.com/video/243569/
1400/10/03,15:00,لیگ برتر ایران,1400-1401,هفته 11,هوادار,0,1,-1,0,0,https://video.varzesh3.com/video/243750/
1400/10/08,15:00,لیگ برتر ایران,1400-1401,هفته 12,ذوب آهن,0,1,-1,0,1,https://video.varzesh3.com/video/244009/
1400/10/13,17:00,لیگ برتر ایران,1400-1401,هفته 13,پرسپولیس,1,2,-1,0,0,https://video.varzesh3.com/video/244256/
1400/10/18,15:00,لیگ برتر ایران,1400-1401,هفته 14,فجر سپاسی,1,1,0,1,0,https://video.varzesh3.com/video/244538/
1400/10/23,15:00,لیگ برتر ایران,1400-1401,هفته 15,نساجی مازندران,1,1,0,1,1,https://video.varzesh3.com/video/244855/
1400/11/03,15:00,لیگ برتر ایران,1400-1401,هفته 16,گل گهر سیرجان,0,0,0,1,1,https://video.varzesh3.com/video/245414/
1400/11/23,16:00,لیگ برتر ایران,1400-1401,هفته 17,صنعت نفت آبادان,0,1,-1,0,0,https://video.varzesh3.com/video/246481/
1400/11/29,17:30,لیگ برتر ایران,1400-1401,هفته 18,استقلال,0,1,-1,0,1,https://video.varzesh3.com/video/246824/
1399/11/04,15:00,لیگ برتر ایران,1399-1400,هفته 12,گل گهر سیرجان,2,1,1,3,0,https://video.varzesh3.com/video/226541/
1399/11/11,15:00,لیگ برتر ایران,1399-1400,هفته 13,آلومینیوم اراک,0,1,-1,0,1,https://video.varzesh3.com/video/226978/
1399/11/16,15:00,لیگ برتر ایران,1399-1400,هفته 14,پرسپولیس,0,1,-1,0,1,https://video.varzesh3.com/video/227248/
1399/11/26,15:00,لیگ برتر ایران,1399-1400,هفته 15,سایپا,2,1,1,3,0,https://video.varzesh3.com/video/227997/
1399/12/11,15:00,لیگ برتر ایران,1399-1400,هفته 16,نفت مسجدسلیمان,1,1,0,1,0,https://video.varzesh3.com/video/228896/
1399/12/16,15:30,لیگ برتر ایران,1399-1400,هفته 17,نساجی مازندران,2,1,1,3,1,https://video.varzesh3.com/video/229208/
1399/12/22,15:30,جام حذفی ایران,1399-1400,1/16 نهایی,شهرداری ماهشهر,3,0,3,3,1,
1399/12/28,15:30,لیگ برتر ایران,1399-1400,هفته 18,سپاهان,0,2,-2,0,0,https://video.varzesh3.com/video/229945/
1400/01/14,17:00,لیگ برتر ایران,1399-1400,هفته 19,مس رفسنجان,0,0,0,1,1,https://video.varzesh3.com/video/230698/
1400/01/25,19:30,لیگ نخبگان آسیا,2021,هفته 1,پاختاکور,3,3,0,1,0,https://video.varzesh3.com/video/231318/
1400/01/28,22:30,لیگ نخبگان آسیا,2021,هفته 1,شارجه امارات,0,0,0,1,1,https://video.varzesh3.com/video/231491/
1400/01/31,19:30,لیگ نخبگان آسیا,2021,هفته 1,نیروی هوایی عراق,0,0,0,1,0,https://video.varzesh3.com/video/231616/
1400/02/03,19:30,لیگ نخبگان آسیا,2021,هفته 1,نیروی هوایی عراق,1,0,1,3,1,https://video.varzesh3.com/video/231754/
1400/02/06,19:30,لیگ نخبگان آسیا,2021,هفته 1,پاختاکور,0,0,0,1,1,https://video.varzesh3.com/video/231900/
1400/02/09,22:30,لیگ نخبگان آسیا,2021,هفته 1,شارجه امارات,2,0,2,3,0,https://video.varzesh3.com/video/232064/
1400/02/19,21:20,لیگ برتر ایران,1399-1400,هفته 22,پیکان,1,1,0,1,0,https://video.varzesh3.com/video/232524/
1400/02/24,18:30,لیگ برتر ایران,1399-1400,هفته 23,صنعت نفت آبادان,1,1,0,1,1,https://video.varzesh3.com/video/232857/
1400/02/29,18:00,جام حذفی ایران,1399-1400,1/8 نهایی,آلومینیوم اراک,0,2,-2,0,0,https://video.varzesh3.com/video/233118/
1400/03/03,20:45,لیگ برتر ایران,1399-1400,هفته 20,فولاد,1,1,0,1,0,https://video.varzesh3.com/video/233376/
1400/03/08,19:00,لیگ برتر ایران,1399-1400,هفته 21,ماشین سازی تبریز,2,0,2,3,1,https://video.varzesh3.com/video/233612/
1400/03/30,19:50,لیگ برتر ایران,1398-1399,سوپر جام,پرسپولیس,0,1,-1,0,0,https://video.varzesh3.com/video/234496/
1400/04/05,20:30,لیگ برتر ایران,1399-1400,هفته 24,شهرخودرو مشهد,1,2,-1,0,0,https://video.varzesh3.com/video/234835/
1400/04/09,19:15,لیگ برتر ایران,1399-1400,هفته 25,ذوب آهن,1,0,1,3,1,https://video.varzesh3.com/video/235023/
1400/04/15,19:15,لیگ برتر ایران,1399-1400,هفته 26,استقلال,1,2,-1,0,0,https://video.varzesh3.com/video/235319/
1398/11/30,15:00,جام حذفی ایران,98-99,1/4 نهایی,مس کرمان,4,1,3,3,1,https://video.varzesh3.com/video/210126/
1398/12/09,17:30,لیگ برتر ایران,1398-1399,هفته 21,پارس جنوبی جم,0,1,-1,0,0,https://video.varzesh3.com/video/210716/
1399/04/08,20:15,لیگ برتر ایران,1398-1399,هفته 22,نساجی مازندران,0,1,-1,0,1,https://video.varzesh3.com/video/216318/
1399/04/14,20:15,لیگ برتر ایران,1398-1399,هفته 23,صنعت نفت آبادان,2,0,2,3,1,https://video.varzesh3.com/video/216633/
1399/04/21,21:00,لیگ برتر ایران,1398-1399,هفته 24,استقلال,0,0,0,1,0,https://video.varzesh3.com/video/216990/
1399/04/27,20:15,لیگ برتر ایران,1398-1399,هفته 25,سپاهان,2,1,1,3,1,https://video.varzesh3.com/video/217304/
1399/05/02,20:15,لیگ برتر ایران,1398-1399,هفته 26,شهرخودرو مشهد,0,0,0,1,0,https://video.varzesh3.com/video/217599/
1399/05/10,20:00,لیگ برتر ایران,1398-1399,هفته 27,پیکان,0,0,0,1,1,https://video.varzesh3.com/video/218005/
1399/05/20,20:30,لیگ برتر ایران,1398-1399,هفته 28,شاهین شهرداری بوشهر,0,0,0,1,0,https://video.varzesh3.com/video/218508/
1399/05/25,20:45,لیگ برتر ایران,1398-1399,هفته 29,ماشین سازی تبریز,2,1,1,3,1,https://video.varzesh3.com/video/218790/
1399/05/30,20:45,لیگ برتر ایران,1398-1399,هفته 30,فولاد,0,1,-1,0,0,https://video.varzesh3.com/video/219044/
1399/06/04,19:30,جام حذفی ایران,98-99,نیمه نهایی,نفت مسجدسلیمان,1,0,1,3,1,
1399/06/13,18:15,جام حذفی ایران,98-99,فینال,استقلال,3,2,1,3,0,https://video.varzesh3.com/video/219695/
1399/08/16,16:45,لیگ برتر ایران,1399-1400,هفته 1,نفت مسجدسلیمان,0,0,0,1,1,https://video.varzesh3.com/video/222566/
1399/08/29,16:10,لیگ برتر ایران,1399-1400,هفته 2,نساجی مازندران,1,1,0,1,0,https://video.varzesh3.com/video/223158/
1399/09/07,15:15,لیگ برتر ایران,1399-1400,هفته 3,سپاهان,0,1,-1,0,1,https://video.varzesh3.com/video/223571/
1399/09/12,16:10,لیگ برتر ایران,1399-1400,هفته 4,مس رفسنجان,1,0,1,3,0,https://video.varzesh3.com/video/223819/
1399/09/17,15:00,لیگ برتر ایران,1399-1400,هفته 5,فولاد,0,0,0,1,1,https://video.varzesh3.com/video/224054/
1399/09/23,15:00,لیگ برتر ایران,1399-1400,هفته 6,ماشین سازی تبریز,1,0,1,3,0,https://video.varzesh3.com/video/224343/
1399/09/28,15:45,لیگ برتر ایران,1399-1400,هفته 7,پیکان,3,1,2,3,1,https://video.varzesh3.com/video/224605/
1399/10/04,16:45,لیگ برتر ایران,1399-1400,هفته 8,صنعت نفت آبادان,1,2,-1,0,0,https://video.varzesh3.com/video/224950/
1399/10/10,16:40,لیگ برتر ایران,1399-1400,هفته 9,شهرخودرو مشهد,0,0,0,1,1,https://video.varzesh3.com/video/225304/
1399/10/16,15:00,لیگ برتر ایران,1399-1400,هفته 10,ذوب آهن,2,1,1,3,0,https://video.varzesh3.com/video/225608/
1399/10/29,14:30,لیگ برتر ایران,1399-1400,هفته 11,استقلال,1,3,-2,0,1,https://video.varzesh3.com/video/226280/
1398/02/21,21:30,لیگ برتر ایران,1397-1398,هفته 29,پارس جنوبی جم,1,1,0,1,1,https://video.varzesh3.com/video/191371/
1398/02/26,21:30,لیگ برتر ایران,1397-1398,هفته 30,فولاد,2,2,0,1,0,https://video.varzesh3.com/video/191699/
1398/05/31,20:15,لیگ برتر ایران,1398-1399,هفته 1,نفت مسجدسلیمان,0,0,0,1,0,https://video.varzesh3.com/video/198225/
1398/06/08,17:45,لیگ برتر ایران,1398-1399,هفته 2,پرسپولیس,1,0,1,3,1,https://video.varzesh3.com/video/198831/
1398/06/24,19:45,لیگ برتر ایران,1398-1399,هفته 3,ذوب آهن,0,0,0,1,0,https://video.varzesh3.com/video/199749/
1398/06/29,17:30,لیگ برتر ایران,1398-1399,هفته 4,گل گهر سیرجان,1,0,1,3,1,https://video.varzesh3.com/video/200173/
1398/07/03,16:15,لیگ برتر ایران,1398-1399,هفته 5,سایپا,1,0,1,3,0,https://video.varzesh3.com/video/200521/
1398/07/07,15:30,جام حذفی ایران,98-99,1/16 نهایی,پاس همدان,2,1,1,3,0,https://video.varzesh3.com/video/200747/
1398/07/12,18:30,لیگ برتر ایران,1398-1399,هفته 6,پارس جنوبی جم,1,0,1,3,1,https://video.varzesh3.com/video/201136/
1398/07/29,15:30,لیگ برتر ایران,1398-1399,هفته 7,نساجی مازندران,4,0,4,3,0,https://video.varzesh3.com/video/202156/
1398/08/03,18:00,لیگ برتر ایران,1398-1399,هفته 8,صنعت نفت آبادان,1,2,-1,0,0,https://video.varzesh3.com/video/202440/
1398/08/10,18:00,لیگ برتر ایران,1398-1399,هفته 9,استقلال,2,4,-2,0,1,https://video.varzesh3.com/video/202977/
1398/08/14,15:30,لیگ برتر ایران,1398-1399,هفته 10,سپاهان,0,2,-2,0,0,https://video.varzesh3.com/video/203262/
1398/09/05,14:00,جام حذفی ایران,98-99,1/8 نهایی,نود ارومیه,1,1,0,1,0,https://video.varzesh3.com/video/204449/
1398/09/14,15:30,لیگ برتر ایران,1398-1399,هفته 13,شاهین شهرداری بوشهر,0,0,0,1,1,https://video.varzesh3.com/video/205052/
1398/09/18,15:15,لیگ برتر ایران,1398-1399,هفته 14,ماشین سازی تبریز,0,2,-2,0,0,https://video.varzesh3.com/video/205357/
1398/09/22,15:30,لیگ برتر ایران,1398-1399,هفته 15,فولاد,1,0,1,3,1,https://video.varzesh3.com/video/205675/
1398/09/28,15:30,لیگ برتر ایران,1398-1399,هفته 16,نفت مسجدسلیمان,1,0,1,3,1,https://video.varzesh3.com/video/206061/
1398/10/03,15:30,لیگ برتر ایران,1398-1399,هفته 11,شهرخودرو مشهد,3,1,2,3,1,https://video.varzesh3.com/video/206451/
1398/10/07,15:00,لیگ برتر ایران,1398-1399,هفته 12,پیکان,3,2,1,3,0,https://video.varzesh3.com/video/206696/
1398/11/06,15:15,لیگ برتر ایران,1398-1399,هفته 17,پرسپولیس,0,2,-2,0,0,https://video.varzesh3.com/video/208538/
1398/11/11,15:15,لیگ برتر ایران,1398-1399,هفته 18,ذوب آهن,2,1,1,3,1,https://video.varzesh3.com/video/208851/
1398/11/18,16:50,لیگ برتر ایران,1398-1399,هفته 19,گل گهر سیرجان,1,1,0,1,0,https://video.varzesh3.com/video/209371/
1398/11/25,15:00,لیگ برتر ایران,1398-1399,هفته 20,سایپا,3,1,2,3,1,https://video.varzesh3.com/video/209806/
1397/06/08,18:00,لیگ برتر ایران,1397-1398,هفته 6,ماشین سازی تبریز,2,1,1,3,1,https://video.varzesh3.com/video/173984/
1397/06/23,20:00,جام حذفی ایران,97-98,1/16 نهایی,صنعت نفت آبادان,3,3,0,1,0,https://video.varzesh3.com/video/174914/
1397/07/01,19:00,لیگ برتر ایران,1397-1398,هفته 7,شهرخودرو مشهد,0,0,0,1,0,https://video.varzesh3.com/video/175479/
1397/07/06,17:40,لیگ برتر ایران,1397-1398,هفته 8,استقلال خوزستان,6,0,6,3,1,https://video.varzesh3.com/video/175854/
1397/07/28,18:00,لیگ برتر ایران,1397-1398,هفته 9,صنعت نفت آبادان,1,2,-1,0,0,https://video.varzesh3.com/video/177301/
1397/08/04,16:00,لیگ برتر ایران,1397-1398,هفته 10,سپیدرود رشت,2,1,1,3,1,https://video.varzesh3.com/video/177661/
1397/08/11,15:30,لیگ برتر ایران,1397-1398,هفته 11,پیکان,2,1,1,3,0,https://video.varzesh3.com/video/178181/
1397/08/18,15:30,لیگ برتر ایران,1397-1398,هفته 12,ذوب آهن,4,1,3,3,1,https://video.varzesh3.com/video/178748/
1397/09/04,15:00,لیگ برتر ایران,1397-1398,هفته 13,پرسپولیس,0,0,0,1,0,https://video.varzesh3.com/video/179877/
1397/09/10,15:00,لیگ برتر ایران,1397-1398,هفته 14,پارس جنوبی جم,1,0,1,3,0,https://video.varzesh3.com/video/180307/
1397/09/23,15:00,لیگ برتر ایران,1397-1398,هفته 15,فولاد,1,2,-1,0,1,https://video.varzesh3.com/video/181281/
1397/11/17,15:30,لیگ برتر ایران,1397-1398,هفته 16,نفت مسجدسلیمان,3,0,3,3,1,https://video.varzesh3.com/video/185257/
1397/11/21,17:00,لیگ برتر ایران,1397-1398,هفته 17,نساجی مازندران,1,1,0,1,0,https://video.varzesh3.com/video/185532/
1397/11/26,15:30,لیگ برتر ایران,1397-1398,هفته 18,استقلال,1,0,1,3,1,https://video.varzesh3.com/video/185880/
1397/12/05,16:00,لیگ برتر ایران,1397-1398,هفته 19,سایپا,0,0,0,1,0,https://video.varzesh3.com/video/186486/
1397/12/10,16:00,لیگ برتر ایران,1397-1398,هفته 20,سپاهان,2,0,2,3,1,https://video.varzesh3.com/video/186823/
1397/12/16,15:00,لیگ برتر ایران,1397-1398,هفته 21,ماشین سازی تبریز,2,0,2,3,0,https://video.varzesh3.com/video/187250/
1397/12/23,16:00,لیگ برتر ایران,1397-1398,هفته 22,شهرخودرو مشهد,1,0,1,3,1,https://video.varzesh3.com/video/187724/
1398/01/10,19:00,لیگ برتر ایران,1397-1398,هفته 23,استقلال خوزستان,3,0,3,3,0,https://video.varzesh3.com/video/188652/
1398/01/16,17:00,لیگ برتر ایران,1397-1398,هفته 24,صنعت نفت آبادان,1,0,1,3,1,https://video.varzesh3.com/video/189031/
1398/01/23,17:00,لیگ برتر ایران,1397-1398,هفته 25,سپیدرود رشت,1,3,-2,0,0,https://video.varzesh3.com/video/189476/
1398/01/30,17:00,لیگ برتر ایران,1397-1398,هفته 26,پیکان,0,1,-1,0,1,https://video.varzesh3.com/video/189950/
1398/02/06,19:00,لیگ برتر ایران,1397-1398,هفته 27,ذوب آهن,0,2,-2,0,0,https://video.varzesh3.com/video/190396/
1398/02/11,17:00,لیگ برتر ایران,1397-1398,هفته 28,پرسپولیس,1,1,0,1,1,https://video.varzesh3.com/video/190700/
1396/10/15,14:30,لیگ برتر ایران,1396-1397,هفته 18,استقلال,0,0,0,1,1,https://video.varzesh3.com/video/159228/
1396/10/21,15:00,لیگ برتر ایران,1396-1397,هفته 19,نفت تهران,0,2,-2,0,0,https://video.varzesh3.com/video/159535/
1396/10/28,14:30,لیگ برتر ایران,1396-1397,هفته 20,سایپا,1,2,-1,0,1,https://video.varzesh3.com/video/159906/
1396/11/06,14:30,لیگ برتر ایران,1396-1397,هفته 21,سیاه جامگان,0,0,0,1,0,https://video.varzesh3.com/video/160388/
1396/11/13,14:30,لیگ برتر ایران,1396-1397,هفته 22,شهرخودرو مشهد,3,0,3,3,0,https://video.varzesh3.com/video/160819/
1396/11/18,14:15,لیگ برتر ایران,1396-1397,هفته 23,گسترش فولاد,2,1,1,3,1,https://video.varzesh3.com/video/161146/
1396/11/23,19:00,لیگ نخبگان آسیا,2018,هفته 1,الاهلی عربستان,0,1,-1,0,1,https://video.varzesh3.com/video/161460/
1396/11/30,18:30,لیگ نخبگان آسیا,2018,هفته 1,الغرافه,0,3,-3,0,0,https://video.varzesh3.com/video/161869/
1396/12/05,15:30,لیگ برتر ایران,1396-1397,هفته 24,پارس جنوبی جم,1,1,0,1,0,https://video.varzesh3.com/video/162132/
1396/12/10,15:00,لیگ برتر ایران,1396-1397,هفته 25,پیکان,0,1,-1,0,1,https://video.varzesh3.com/video/162407/
1396/12/14,18:30,لیگ نخبگان آسیا,2018,هفته 1,الجزیره امارات,0,0,0,1,0,https://video.varzesh3.com/video/162668/
1396/12/22,16:00,لیگ نخبگان آسیا,2018,هفته 1,الجزیره امارات,1,1,0,1,1,https://video.varzesh3.com/video/163110/
1397/01/10,17:00,لیگ برتر ایران,1396-1397,هفته 26,ذوب آهن,0,3,-3,0,0,https://video.varzesh3.com/video/163934/
1397/01/14,20:50,لیگ نخبگان آسیا,2018,هفته 1,الاهلی عربستان,0,2,-2,0,0,https://video.varzesh3.com/video/164170/
1397/01/18,18:00,لیگ برتر ایران,1396-1397,هفته 27,سپاهان,1,1,0,1,1,https://video.varzesh3.com/video/164429/
1397/01/24,16:00,لیگ برتر ایران,1396-1397,هفته 28,سپیدرود رشت,0,1,-1,0,0,https://video.varzesh3.com/video/164778/
1397/01/28,19:00,لیگ نخبگان آسیا,2018,هفته 1,الغرافه,1,3,-2,0,1,https://video.varzesh3.com/video/165053/
1397/02/02,18:00,لیگ برتر ایران,1396-1397,هفته 29,صنعت نفت آبادان,1,1,0,1,1,https://video.varzesh3.com/video/165364/
1397/02/07,17:00,لیگ برتر ایران,1396-1397,هفته 30,فولاد,1,0,1,3,0,https://video.varzesh3.com/video/165653/
1397/05/05,20:45,لیگ برتر ایران,1397-1398,هفته 1,نفت مسجدسلیمان,0,0,0,1,0,https://video.varzesh3.com/video/171880/
1397/05/12,20:00,لیگ برتر ایران,1397-1398,هفته 2,نساجی مازندران,1,1,0,1,1,https://video.varzesh3.com/video/172287/
1397/05/19,20:30,لیگ برتر ایران,1397-1398,هفته 3,استقلال,0,3,-3,0,0,https://video.varzesh3.com/video/172665/
1397/05/26,19:45,لیگ برتر ایران,1397-1398,هفته 4,سایپا,1,0,1,3,1,https://video.varzesh3.com/video/173099/
1397/06/02,20:00,لیگ برتر ایران,1397-1398,هفته 5,سپاهان,2,2,0,1,0,https://video.varzesh3.com/video/173575/
1396/01/31,17:45,لیگ برتر ایران,1395-1396,هفته 28,استقلال,1,0,1,3,1,https://video.varzesh3.com/video/137073/
1396/02/09,18:00,لیگ برتر ایران,1395-1396,هفته 29,سپاهان,0,2,-2,0,0,https://video.varzesh3.com/video/137515/
1396/02/14,18:00,لیگ برتر ایران,1395-1396,هفته 30,نفت تهران,1,0,1,3,1,https://video.varzesh3.com/video/137733/
1396/02/21,20:30,جام حذفی ایران,95-96,فینال,نفت تهران,0,1,-1,0,1,https://video.varzesh3.com/video/138106/
1396/05/05,21:00,لیگ برتر ایران,1396-1397,هفته 1,استقلال خوزستان,0,1,-1,0,0,https://video.varzesh3.com/video/141111/
1396/05/12,19:30,لیگ برتر ایران,1396-1397,هفته 2,پرسپولیس,1,2,-1,0,1,https://video.varzesh3.com/video/141459/
1396/05/20,20:45,لیگ برتر ایران,1396-1397,هفته 3,استقلال,0,1,-1,0,0,https://video.varzesh3.com/video/141838/
1396/05/26,19:47,لیگ برتر ایران,1396-1397,هفته 4,نفت تهران,2,1,1,3,1,https://video.varzesh3.com/video/142134/
1396/05/31,20:15,لیگ برتر ایران,1396-1397,هفته 5,سایپا,2,0,2,3,0,https://video.varzesh3.com/video/142430/
1396/06/16,18:15,جام حذفی ایران,96-97,1/16 نهایی,شهرخودرو مشهد,2,1,1,3,0,https://video.varzesh3.com/video/143118/
1396/06/24,19:00,لیگ برتر ایران,1396-1397,هفته 6,سیاه جامگان,1,1,0,1,1,https://video.varzesh3.com/video/143557/
1396/06/31,17:45,لیگ برتر ایران,1396-1397,هفته 7,شهرخودرو مشهد,1,2,-1,0,1,https://video.varzesh3.com/video/143861/
1396/07/06,14:00,لیگ برتر ایران,1396-1397,هفته 8,گسترش فولاد,2,1,1,3,0,https://video.varzesh3.com/video/144176/
1396/07/21,16:00,لیگ برتر ایران,1396-1397,هفته 9,پارس جنوبی جم,1,1,0,1,1,https://video.varzesh3.com/video/144856/
1396/07/27,15:45,لیگ برتر ایران,1396-1397,هفته 10,پیکان,1,2,-1,0,0,https://video.varzesh3.com/video/145142/
1396/08/04,17:00,جام حذفی ایران,96-97,یک هشتم نهایی,فجر سپاسی,5,2,3,3,1,https://video.varzesh3.com/video/145487/
1396/08/09,15:30,لیگ برتر ایران,1396-1397,هفته 11,ذوب آهن,0,0,0,1,1,https://video.varzesh3.com/video/145718/
1396/08/29,14:45,لیگ برتر ایران,1396-1397,هفته 12,سپاهان,0,3,-3,0,0,https://video.varzesh3.com/video/146623/
1396/09/04,14:00,لیگ برتر ایران,1396-1397,هفته 13,سپیدرود رشت,2,1,1,3,1,https://video.varzesh3.com/video/146903/
1396/09/10,16:45,لیگ برتر ایران,1396-1397,هفته 14,صنعت نفت آبادان,1,1,0,1,0,https://video.varzesh3.com/video/147274/
1396/09/15,14:00,لیگ برتر ایران,1396-1397,هفته 15,فولاد,1,1,0,1,1,https://video.varzesh3.com/video/147573/
1396/09/28,14:30,جام حذفی ایران,96-97,یک چهارم نهایی,استقلال خوزستان,0,0,0,1,0,https://video.varzesh3.com/video/148331/
1396/10/03,14:30,لیگ برتر ایران,1396-1397,هفته 16,استقلال خوزستان,3,0,3,3,1,https://video.varzesh3.com/video/148592/
1396/10/08,14:30,لیگ برتر ایران,1396-1397,هفته 17,پرسپولیس,0,2,-2,0,0,https://video.varzesh3.com/video/148875/
1395/07/24,17:00,لیگ برتر ایران,1395-1396,هفته 8,سایپا,0,0,0,1,0,https://video.varzesh3.com/video/125538/
1395/07/29,15:00,لیگ برتر ایران,1395-1396,هفته 9,فولاد,2,2,0,1,1,https://video.varzesh3.com/video/125823/
1395/08/06,14:45,لیگ برتر ایران,1395-1396,هفته 10,گسترش فولاد,2,0,2,3,0,https://video.varzesh3.com/video/126248/
1395/08/10,14:00,جام حذفی ایران,95-96,1/16 نهایی,ملوان,1,0,1,3,0,https://video.varzesh3.com/video/126491/
1395/08/28,13:30,جام حذفی ایران,95-96,یک هشتم نهایی,برق جدید شیراز,2,0,2,3,1,https://video.varzesh3.com/video/127618/
1395/09/05,14:30,لیگ برتر ایران,1395-1396,هفته 11,صبای قم,2,1,1,3,1,https://video.varzesh3.com/video/128059/
1395/09/12,14:00,لیگ برتر ایران,1395-1396,هفته 12,شهرخودرو مشهد,1,1,0,1,1,https://video.varzesh3.com/video/128562/
1395/09/19,16:20,لیگ برتر ایران,1395-1396,هفته 13,استقلال,2,1,1,3,0,https://video.varzesh3.com/video/129105/
1395/09/26,14:00,لیگ برتر ایران,1395-1396,هفته 14,سپاهان,1,2,-1,0,1,https://video.varzesh3.com/video/129592/
1395/09/30,14:00,جام حذفی ایران,95-96,یک چهارم نهایی,نفت و گاز گچساران,3,1,2,3,0,https://video.varzesh3.com/video/129859/
1395/10/05,15:00,لیگ برتر ایران,1395-1396,هفته 15,نفت تهران,2,0,2,3,0,https://video.varzesh3.com/video/130216/
1395/10/11,14:30,جام حذفی ایران,95-96,نیمه نهایی,ذوب آهن,3,2,1,3,0,https://video.varzesh3.com/video/130589/
1395/10/23,15:30,لیگ برتر ایران,1395-1396,هفته 16,استقلال خوزستان,1,0,1,3,0,https://video.varzesh3.com/video/131404/
1395/10/28,15:00,لیگ برتر ایران,1395-1396,هفته 17,صنعت نفت آبادان,2,2,0,1,1,https://video.varzesh3.com/video/131778/
1395/11/03,15:45,لیگ برتر ایران,1395-1396,هفته 18,پیکان,1,0,1,3,0,https://video.varzesh3.com/video/132110/
1395/11/08,15:00,لیگ برتر ایران,1395-1396,هفته 19,ماشین سازی تبریز,0,0,0,1,1,https://video.varzesh3.com/video/132493/
1395/11/17,15:00,لیگ برتر ایران,1395-1396,هفته 20,پرسپولیس,0,3,-3,0,0,https://video.varzesh3.com/video/133122/
1395/11/23,15:00,لیگ برتر ایران,1395-1396,هفته 21,ذوب آهن,4,1,3,3,1,https://video.varzesh3.com/video/133516/
1395/12/06,14:30,لیگ برتر ایران,1395-1396,هفته 22,سیاه جامگان,2,1,1,3,0,https://video.varzesh3.com/video/134413/
1395/12/13,15:15,لیگ برتر ایران,1395-1396,هفته 23,سایپا,0,0,0,1,1,https://video.varzesh3.com/video/134826/
1395/12/20,16:30,لیگ برتر ایران,1395-1396,هفته 24,فولاد,0,0,0,1,0,https://video.varzesh3.com/video/135197/
1396/01/12,17:30,لیگ برتر ایران,1395-1396,هفته 25,گسترش فولاد,1,1,0,1,1,https://video.varzesh3.com/video/136142/
1396/01/18,17:15,لیگ برتر ایران,1395-1396,هفته 26,صبای قم,0,3,-3,0,0,https://video.varzesh3.com/video/136438/
1396/01/25,17:00,لیگ برتر ایران,1395-1396,هفته 27,شهرخودرو مشهد,1,0,1,3,0,https://video.varzesh3.com/video/136781/
1394/12/16,17:30,لیگ برتر ایران,1394-1395,هفته 22,پرسپولیس,1,1,0,1,0,https://video.varzesh3.com/video/110290/
1394/12/20,15:30,لیگ برتر ایران,1394-1395,هفته 23,فولاد,3,2,1,3,1,https://video.varzesh3.com/video/110562/
1395/01/12,17:30,لیگ برتر ایران,1394-1395,هفته 24,سایپا,1,0,1,3,0,https://video.varzesh3.com/video/111790/
1395/01/22,16:30,لیگ برتر ایران,1394-1395,هفته 25,ذوب آهن,2,1,1,3,0,https://video.varzesh3.com/video/112447/
1395/01/26,18:00,لیگ برتر ایران,1394-1395,هفته 26,صبای قم,1,1,0,1,1,https://video.varzesh3.com/video/112754/
1395/02/05,17:30,لیگ برتر ایران,1394-1395,هفته 27,سیاه جامگان,1,2,-1,0,0,https://video.varzesh3.com/video/113589/
1395/02/09,18:00,لیگ برتر ایران,1394-1395,هفته 28,ملوان,4,2,2,3,1,https://video.varzesh3.com/video/113873/
1395/02/19,18:00,لیگ برتر ایران,1394-1395,هفته 29,استقلال,3,2,1,3,0,https://video.varzesh3.com/video/114611/
1395/02/24,18:00,لیگ برتر ایران,1394-1395,هفته 30,استقلال اهواز,5,0,5,3,1,https://video.varzesh3.com/video/115025/
1395/05/04,17:58,لیگ برتر ایران,1395-1396,هفته 1,استقلال خوزستان,2,2,0,1,1,https://video.varzesh3.com/video/119880/
1395/05/11,20:45,لیگ برتر ایران,1395-1396,هفته 2,صنعت نفت آبادان,0,0,0,1,0,https://video.varzesh3.com/video/120365/
1395/05/17,18:00,لیگ برتر ایران,1395-1396,هفته 3,پیکان,3,1,2,3,1,https://video.varzesh3.com/video/120878/
1395/05/21,18:00,لیگ برتر ایران,1395-1396,هفته 4,ماشین سازی تبریز,2,0,2,3,0,https://video.varzesh3.com/video/121255/
1395/06/20,17:15,لیگ برتر ایران,1395-1396,هفته 5,پرسپولیس,0,0,0,1,1,https://video.varzesh3.com/video/123375/
1395/06/25,18:30,لیگ برتر ایران,1395-1396,هفته 6,ذوب آهن,2,1,1,3,0,https://video.varzesh3.com/video/123780/
1395/06/30,16:45,لیگ برتر ایران,1395-1396,هفته 7,سیاه جامگان,3,0,3,3,1,https://video.varzesh3.com/video/124135/
1395/07/09,15:00,جام حذفی ایران,95-96,1/32 نهایی,فولاد یاسوج,2,0,2,3,1,
1394/05/23,18:50,لیگ برتر ایران,1394-1395,هفته 3,راه‌آهن,1,1,0,1,1,https://video.varzesh3.com/video/92041/
1394/05/30,17:30,لیگ برتر ایران,1394-1395,هفته 4,شهرخودرو مشهد,0,1,-1,0,0,https://video.varzesh3.com/video/92883/
1394/06/04,18:15,لیگ برتر ایران,1394-1395,هفته 5,استقلال خوزستان,0,0,0,1,1,https://video.varzesh3.com/video/93535/
1394/06/23,14:00,جام حذفی ایران,94-95,یک شانزدهم نهایی,بعثت کرمانشاه,0,0,0,1,1,
1394/06/24,17:30,لیگ برتر ایران,1394-1395,هفته 6,سپاهان,0,0,0,1,0,https://video.varzesh3.com/video/96054/
1394/06/29,18:30,جام حذفی ایران,94-95,یک هشتم نهایی,صبای قم,1,0,1,3,0,https://video.varzesh3.com/video/96726/
1394/07/03,16:20,لیگ برتر ایران,1394-1395,هفته 7,پرسپولیس,0,1,-1,0,1,https://video.varzesh3.com/video/97486/
1394/07/24,17:10,لیگ برتر ایران,1394-1395,هفته 8,فولاد,2,1,1,3,0,https://video.varzesh3.com/video/100172/
1394/07/28,16:00,لیگ برتر ایران,1394-1395,هفته 9,سایپا,2,0,2,3,1,https://video.varzesh3.com/video/100753/
1394/08/05,15:30,لیگ برتر ایران,1394-1395,هفته 10,ذوب آهن,4,4,0,1,1,https://video.varzesh3.com/video/101460/
1394/08/09,15:30,لیگ برتر ایران,1394-1395,هفته 11,صبای قم,1,2,-1,0,0,https://video.varzesh3.com/video/102001/
1394/08/13,15:00,جام حذفی ایران,94-95,یک چهارم نهایی,سایپا,2,1,1,3,0,
1394/08/29,15:15,لیگ برتر ایران,1394-1395,هفته 12,سیاه جامگان,0,0,0,1,1,https://video.varzesh3.com/video/103650/
1394/09/09,15:15,لیگ برتر ایران,1394-1395,هفته 13,ملوان,1,0,1,3,0,https://video.varzesh3.com/video/104201/
1394/09/22,15:00,لیگ برتر ایران,1394-1395,هفته 14,استقلال,0,0,0,1,1,https://video.varzesh3.com/video/104851/
1394/09/26,15:00,لیگ برتر ایران,1394-1395,هفته 15,استقلال اهواز,2,0,2,3,0,https://video.varzesh3.com/video/105073/
1394/10/01,14:30,جام حذفی ایران,94-95,نیمه نهایی,استقلال,1,2,-1,0,1,https://video.varzesh3.com/video/105403/
1394/10/07,15:00,لیگ برتر ایران,1394-1395,هفته 16,نفت تهران,1,0,1,3,0,https://video.varzesh3.com/video/105731/
1394/10/11,14:30,لیگ برتر ایران,1394-1395,هفته 17,گسترش فولاد,1,1,0,1,1,https://video.varzesh3.com/video/106013/
1394/11/09,14:30,لیگ برتر ایران,1394-1395,هفته 18,راه‌آهن,0,0,0,1,0,https://video.varzesh3.com/video/107760/
1394/11/18,14:30,لیگ برتر ایران,1394-1395,هفته 19,شهرخودرو مشهد,1,2,-1,0,1,https://video.varzesh3.com/video/108367/
1394/11/23,15:00,لیگ برتر ایران,1394-1395,هفته 20,استقلال خوزستان,1,1,0,1,0,https://video.varzesh3.com/video/108731/
1394/11/29,15:15,لیگ برتر ایران,1394-1395,هفته 21,سپاهان,2,1,1,3,1,https://video.varzesh3.com/video/109127/
1393/11/24,15:30,لیگ برتر ایران,1393-1394,هفته 20,صبای قم,3,2,1,3,0,https://video.varzesh3.com/video/72393/
1393/11/30,15:30,لیگ برتر ایران,1393-1394,هفته 21,نفت مسجدسلیمان,2,1,1,3,0,https://video.varzesh3.com/video/72923/
1393/12/17,16:30,لیگ برتر ایران,1393-1394,هفته 22,پرسپولیس,1,0,1,3,1,https://video.varzesh3.com/video/74723/
1393/12/21,15:30,لیگ برتر ایران,1393-1394,هفته 23,راه‌آهن,3,0,3,3,0,https://video.varzesh3.com/video/75744/
1394/01/14,17:00,لیگ برتر ایران,1393-1394,هفته 24,استقلال خوزستان,3,0,3,3,1,https://video.varzesh3.com/video/77078/
1394/01/23,17:30,لیگ برتر ایران,1393-1394,هفته 25,سپاهان,1,2,-1,0,0,https://video.varzesh3.com/video/78123/
1394/01/27,17:30,لیگ برتر ایران,1393-1394,هفته 26,سایپا,2,1,1,3,1,https://video.varzesh3.com/video/78572/
1394/02/06,17:00,لیگ برتر ایران,1393-1394,هفته 27,پیکان,2,0,2,3,0,https://video.varzesh3.com/video/79628/
1394/02/11,18:00,لیگ برتر ایران,1393-1394,هفته 28,گسترش فولاد,1,1,0,1,1,https://video.varzesh3.com/video/80228/
1394/02/20,18:00,لیگ برتر ایران,1393-1394,هفته 29,استقلال,4,1,3,3,0,https://video.varzesh3.com/video/81246/
1394/02/25,19:30,لیگ برتر ایران,1393-1394,هفته 30,نفت تهران,3,3,0,1,1,https://video.varzesh3.com/video/81968/
1394/05/09,18:30,لیگ برتر ایران,1394-1395,هفته 1,نفت تهران,0,0,0,1,1,https://video.varzesh3.com/video/90370/
1394/05/16,18:30,لیگ برتر ایران,1394-1395,هفته 2,گسترش فولاد,3,1,2,3,0,https://video.varzesh3.com/video/91160/
1393/05/09,17:30,لیگ برتر ایران,1393-1394,هفته 1,فولاد,2,1,1,3,1,https://video.varzesh3.com/video/57024/
1393/05/17,19:25,لیگ برتر ایران,1393-1394,هفته 2,ذوب آهن,0,0,0,1,0,https://video.varzesh3.com/video/57791/
1393/05/24,18:00,لیگ برتر ایران,1393-1394,هفته 3,ملوان,1,0,1,3,1,https://video.varzesh3.com/video/58415/
1393/05/28,17:30,لیگ برتر ایران,1393-1394,هفته 4,شهرخودرو مشهد,0,1,-1,0,0,https://video.varzesh3.com/video/58873/
1393/06/02,18:00,لیگ برتر ایران,1393-1394,هفته 5,صبای قم,4,2,2,3,1,https://video.varzesh3.com/video/59177/
1393/06/07,18:00,لیگ برتر ایران,1393-1394,هفته 6,نفت مسجدسلیمان,3,0,3,3,1,https://video.varzesh3.com/video/59414/
1393/06/14,18:50,لیگ برتر ایران,1393-1394,هفته 7,پرسپولیس,3,1,2,3,0,https://video.varzesh3.com/video/59807/
1393/06/21,19:00,لیگ برتر ایران,1393-1394,هفته 8,راه‌آهن,4,1,3,3,1,https://video.varzesh3.com/video/60213/
1393/06/27,18:40,لیگ برتر ایران,1393-1394,هفته 9,استقلال خوزستان,2,2,0,1,0,https://video.varzesh3.com/video/60511/
1393/07/04,17:40,لیگ برتر ایران,1393-1394,هفته 10,سپاهان,1,1,0,1,1,https://video.varzesh3.com/video/61284/
1393/07/11,16:00,لیگ برتر ایران,1393-1394,هفته 11,سایپا,1,0,1,3,0,https://video.varzesh3.com/video/62022/
1393/07/25,14:30,جام حذفی ایران,93-94,يک شانزدهم نهايي,کارون اهواز,4,0,4,3,1,https://video.varzesh3.com/video/63070/
1393/07/30,17:00,لیگ برتر ایران,1393-1394,هفته 12,پیکان,1,2,-1,0,1,
1393/08/04,14:30,جام حذفی ایران,93-94,يک هشتم نهايي,سایپا,0,0,0,1,0,
1393/08/09,16:50,لیگ برتر ایران,1393-1394,هفته 13,گسترش فولاد,3,1,2,3,0,https://video.varzesh3.com/video/63953/
1393/08/16,16:30,لیگ برتر ایران,1393-1394,هفته 14,استقلال,2,2,0,1,1,https://video.varzesh3.com/video/64329/
1393/08/30,15:00,لیگ برتر ایران,1393-1394,هفته 15,نفت تهران,1,2,-1,0,0,https://video.varzesh3.com/video/65395/
1393/09/06,14:00,جام حذفی ایران,93-94,يک چهارم نهايي,شهرخودرو مشهد,1,2,-1,0,1,https://video.varzesh3.com/video/65917/
1393/09/11,15:00,لیگ برتر ایران,1393-1394,هفته 16,فولاد,2,3,-1,0,0,https://video.varzesh3.com/video/66321/
1393/09/20,15:00,لیگ برتر ایران,1393-1394,هفته 17,ذوب آهن,2,1,1,3,1,https://video.varzesh3.com/video/67397/
1393/11/10,15:00,لیگ برتر ایران,1393-1394,هفته 18,ملوان,0,0,0,1,0,https://video.varzesh3.com/video/71143/
1393/11/17,16:00,لیگ برتر ایران,1393-1394,هفته 19,شهرخودرو مشهد,1,3,-2,0,1,https://video.varzesh3.com/video/71826/
1392/08/17,15:15,لیگ برتر ایران,1392-1393,هفته 15,استقلال,1,1,0,1,1,
1392/09/08,15:00,لیگ برتر ایران,1392-1393,هفته 16,پرسپولیس,1,0,1,3,1,
1392/09/15,15:00,لیگ برتر ایران,1392-1393,هفته 17,گسترش فولاد,2,1,1,3,0,
1392/09/22,15:30,لیگ برتر ایران,1392-1393,هفته 18,ذوب آهن,2,2,0,1,1,
1392/09/29,15:00,لیگ برتر ایران,1392-1393,هفته 19,سپاهان,1,2,-1,0,1,
1392/10/03,15:00,لیگ برتر ایران,1392-1393,هفته 20,مس کرمان,1,1,0,1,0,
1392/10/08,14:25,جام حذفی ایران,92-93,يک هشتم نهايي,نفت مسجدسلیمان,2,0,2,3,0,
1392/10/14,14:30,لیگ برتر ایران,1392-1393,هفته 21,فجر سپاسی,0,0,0,1,1,
1392/10/21,14:30,لیگ برتر ایران,1392-1393,هفته 22,سایپا,3,3,0,1,0,
1392/10/26,14:30,لیگ برتر ایران,1392-1393,هفته 23,صبای قم,1,1,0,1,1,
1392/11/01,14:00,جام حذفی ایران,92-93,يک چهارم نهايي,راه‌آهن,2,0,2,3,0,
1392/11/06,14:30,لیگ برتر ایران,1392-1393,هفته 24,ملوان,1,1,0,1,0,
1392/11/11,16:00,لیگ برتر ایران,1392-1393,هفته 25,داماش گیلان,0,0,0,1,1,
1392/11/15,14:30,جام حذفی ایران,92-93,نيمه نهايي,فولاد,1,0,1,3,1,
1392/11/20,15:00,لیگ برتر ایران,1392-1393,هفته 26,نفت تهران,0,3,-3,0,0,
1392/11/25,16:10,جام حذفی ایران,92-93,فينال,مس کرمان,1,0,1,3,0,
1392/12/01,16:30,لیگ برتر ایران,1392-1393,هفته 27,راه‌آهن,0,3,-3,0,1,
1393/01/07,17:30,لیگ برتر ایران,1392-1393,هفته 28,فولاد,1,2,-1,0,0,
1393/01/17,17:30,لیگ برتر ایران,1392-1393,هفته 29,استقلال خوزستان,1,0,1,3,1,
1393/01/22,19:00,لیگ برتر ایران,1392-1393,هفته 30,استقلال,3,1,2,3,0,
1391/12/28,15:30,لیگ برتر ایران,1391-1392,هفته 30,سپاهان,1,3,-2,0,1,
1392/01/08,17:00,لیگ برتر ایران,1391-1392,هفته 31,داماش گیلان,2,1,1,3,0,
1392/01/26,19:00,لیگ برتر ایران,1391-1392,هفته 32,فولاد,1,1,0,1,1,
1392/02/15,18:00,لیگ برتر ایران,1391-1392,هفته 33,آلومینیوم هرمزگان,2,1,1,3,0,
1392/02/20,18:00,لیگ برتر ایران,1391-1392,هفته 34,پرسپولیس,3,1,2,3,1,
1392/05/02,22:15,لیگ برتر ایران,1392-1393,هفته 1,پرسپولیس,0,1,-1,0,0,
1392/05/10,22:00,لیگ برتر ایران,1392-1393,هفته 2,گسترش فولاد,1,1,0,1,1,
1392/05/15,22:00,لیگ برتر ایران,1392-1393,هفته 3,ذوب آهن,4,2,2,3,0,
1392/05/20,19:45,لیگ برتر ایران,1392-1393,هفته 4,سپاهان,1,0,1,3,0,
1392/05/25,19:00,لیگ برتر ایران,1392-1393,هفته 5,مس کرمان,0,0,0,1,1,
1392/06/01,19:30,لیگ برتر ایران,1392-1393,هفته 6,فجر سپاسی,0,0,0,1,0,
1392/06/08,19:30,لیگ برتر ایران,1392-1393,هفته 7,سایپا,1,0,1,3,1,
1392/06/14,18:45,لیگ برتر ایران,1392-1393,هفته 8,صبای قم,3,1,2,3,0,
1392/06/21,18:00,لیگ برتر ایران,1392-1393,هفته 9,ملوان,2,2,0,1,1,
1392/06/29,17:15,لیگ برتر ایران,1392-1393,هفته 10,داماش گیلان,0,1,-1,0,0,
1392/07/05,16:30,لیگ برتر ایران,1392-1393,هفته 11,نفت تهران,1,0,1,3,1,
1392/07/11,16:00,لیگ برتر ایران,1392-1393,هفته 12,راه‌آهن,2,1,1,3,0,
1392/07/26,15:45,لیگ برتر ایران,1392-1393,هفته 13,فولاد,2,2,0,1,1,
1392/08/05,15:30,لیگ برتر ایران,1392-1393,هفته 14,استقلال خوزستان,4,1,3,3,0,
1392/08/12,15:00,جام حذفی ایران,92-93,يک شانزدهم,ماشین سازی تبریز,3,0,3,3,0,
1391/07/05,17:15,لیگ برتر ایران,1391-1392,هفته 10,فجر سپاسی,0,1,-1,0,0,
1391/07/10,17:15,لیگ برتر ایران,1391-1392,هفته 11,نفت تهران,1,1,0,1,0,
1391/07/29,15:00,لیگ برتر ایران,1391-1392,هفته 12,استقلال,2,0,2,3,1,
1391/08/04,16:00,لیگ برتر ایران,1391-1392,هفته 13,سپاهان,4,1,3,3,0,
1391/08/09,15:30,لیگ برتر ایران,1391-1392,هفته 14,داماش گیلان,2,2,0,1,1,
1391/08/28,16:40,لیگ برتر ایران,1391-1392,هفته 15,فولاد,2,3,-1,0,0,
1391/09/08,15:00,لیگ برتر ایران,1391-1392,هفته 16,آلومینیوم هرمزگان,1,1,0,1,1,
1391/09/13,17:30,لیگ برتر ایران,1391-1392,هفته 17,پرسپولیس,1,0,1,3,0,
1391/09/24,14:15,جام حذفی ایران,91-92,يك شانزدهم,آلومینیوم هرمزگان,3,0,3,3,1,
1391/09/30,14:00,جام حذفی ایران,91-92,يک هشتم,داماش گیلان,5,6,-1,0,0,
1391/10/06,15:00,لیگ برتر ایران,1391-1392,هفته 18,سایپا,2,2,0,1,0,
1391/10/11,15:00,لیگ برتر ایران,1391-1392,هفته 19,پیکان,1,0,1,3,1,
1391/10/16,15:00,لیگ برتر ایران,1391-1392,هفته 20,مس کرمان,3,1,2,3,0,
1391/10/24,15:30,لیگ برتر ایران,1391-1392,هفته 21,راه‌آهن,3,0,3,3,1,
1391/10/29,15:30,لیگ برتر ایران,1391-1392,هفته 22,صنعت نفت آبادان,1,0,1,3,0,
1391/11/05,15:30,لیگ برتر ایران,1391-1392,هفته 23,ذوب آهن,1,1,0,1,1,
1391/11/10,15:30,لیگ برتر ایران,1391-1392,هفته 24,صبای قم,0,0,0,1,0,
1391/11/20,15:30,لیگ برتر ایران,1391-1392,هفته 25,ملوان,1,0,1,3,1,
1391/11/29,15:00,لیگ برتر ایران,1391-1392,هفته 26,گهر دورود,2,1,1,3,0,
1391/12/03,16:00,لیگ برتر ایران,1391-1392,هفته 27,فجر سپاسی,3,1,2,3,1,
1391/12/14,16:00,لیگ برتر ایران,1391-1392,هفته 28,نفت تهران,2,1,1,3,1,
1391/12/18,17:30,لیگ برتر ایران,1391-1392,هفته 29,استقلال,0,1,-1,0,0,
1390/10/25,15:00,لیگ برتر ایران,1390-1391,هفته 20,شاهین بوشهر,3,0,3,3,0,
1390/10/29,15:00,لیگ برتر ایران,1390-1391,هفته 21,داماش گیلان,3,1,2,3,1,
1390/11/05,15:00,لیگ برتر ایران,1390-1391,هفته 22,شهرداری تبریز,1,0,1,3,0,
1390/11/09,15:30,لیگ برتر ایران,1390-1391,هفته 23,استقلال,0,2,-2,0,1,
1390/11/14,15:30,لیگ برتر ایران,1390-1391,هفته 24,نفت تهران,1,1,0,1,0,
1390/11/19,15:30,لیگ برتر ایران,1390-1391,هفته 25,صنعت نفت آبادان,4,1,3,3,1,
1390/11/26,15:30,لیگ برتر ایران,1390-1391,هفته 26,مس کرمان,0,1,-1,0,0,
1390/12/22,15:15,لیگ برتر ایران,1390-1391,هفته 27,سپاهان,1,0,1,3,1,
1390/12/27,16:00,لیگ برتر ایران,1390-1391,هفته 28,سایپا,1,0,1,3,0,
1391/01/18,17:00,لیگ برتر ایران,1390-1391,هفته 29,فجر سپاسی,0,0,0,1,1,
1391/01/25,17:00,لیگ برتر ایران,1390-1391,هفته 30,فولاد,2,0,2,3,1,
1391/02/03,17:00,لیگ برتر ایران,1390-1391,هفته 31,راه‌آهن,1,0,1,3,0,
1391/02/07,16:30,لیگ برتر ایران,1390-1391,هفته 32,پرسپولیس,4,1,3,3,1,
1391/02/17,17:00,لیگ برتر ایران,1390-1391,هفته 33,شهرخودرو مشهد,0,0,0,1,0,
1391/02/22,19:20,لیگ برتر ایران,1390-1391,هفته 34,ملوان,2,0,2,3,1,
1391/04/30,20:15,لیگ برتر ایران,1391-1392,هفته 1,سایپا,0,0,0,1,1,
1391/05/04,22:00,لیگ برتر ایران,1391-1392,هفته 2,پیکان,1,1,0,1,0,
1391/05/10,22:00,لیگ برتر ایران,1391-1392,هفته 3,مس کرمان,2,1,1,3,1,
1391/05/16,22:00,لیگ برتر ایران,1391-1392,هفته 4,راه‌آهن,1,0,1,3,0,
1391/05/29,19:40,لیگ برتر ایران,1391-1392,هفته 5,صنعت نفت آبادان,3,2,1,3,1,
1391/06/03,19:00,لیگ برتر ایران,1391-1392,هفته 6,ذوب آهن,1,3,-2,0,0,
1391/06/08,17:30,لیگ برتر ایران,1391-1392,هفته 7,صبای قم,0,0,0,1,1,
1391/06/25,18:45,لیگ برتر ایران,1391-1392,هفته 8,ملوان,1,1,0,1,0,
1391/06/31,16:30,لیگ برتر ایران,1391-1392,هفته 9,گهر دورود,5,0,5,3,1,
1390/02/02,18:00,لیگ برتر ایران,1389-1390,هفته 31,پیکان,2,1,1,3,0,
1390/02/11,18:00,لیگ برتر ایران,1389-1390,هفته 32,صبای قم,1,2,-1,0,1,
1390/02/25,18:00,لیگ برتر ایران,1389-1390,هفته 33,سایپا,2,2,0,1,1,
1390/02/30,18:00,لیگ برتر ایران,1389-1390,هفته 34,صنعت نفت آبادان,3,1,2,3,0,
1390/05/11,22:00,لیگ برتر ایران,1390-1391,هفته 1,صبای قم,2,3,-1,0,1,
1390/05/16,22:00,لیگ برتر ایران,1390-1391,هفته 2,ذوب آهن,1,0,1,3,0,
1390/05/20,22:00,لیگ برتر ایران,1390-1391,هفته 3,شاهین بوشهر,1,0,1,3,1,
1390/05/26,22:00,لیگ برتر ایران,1390-1391,هفته 4,داماش گیلان,3,2,1,3,0,
1390/06/03,22:00,لیگ برتر ایران,1390-1391,هفته 5,شهرداری تبریز,5,1,4,3,1,
1390/06/18,18:45,لیگ برتر ایران,1390-1391,هفته 6,استقلال,3,2,1,3,0,
1390/06/24,18:50,لیگ برتر ایران,1390-1391,هفته 7,نفت تهران,1,2,-1,0,1,
1390/07/03,18:45,لیگ برتر ایران,1390-1391,هفته 8,صنعت نفت آبادان,3,3,0,1,0,
1390/07/08,17:45,لیگ برتر ایران,1390-1391,هفته 9,مس کرمان,3,1,2,3,1,
1390/07/22,16:00,لیگ برتر ایران,1390-1391,هفته 10,سپاهان,1,2,-1,0,0,
1390/07/29,16:00,لیگ برتر ایران,1390-1391,هفته 11,سایپا,2,2,0,1,1,
1390/08/03,14:25,جام حذفی ایران,90-91,يک شانزدهم,شهرداری یاسوج,3,4,-1,0,0,
1390/08/07,16:00,لیگ برتر ایران,1390-1391,هفته 12,فجر سپاسی,2,1,1,3,0,
1390/08/27,16:45,لیگ برتر ایران,1390-1391,هفته 13,فولاد,1,2,-1,0,0,
1390/09/03,14:45,لیگ برتر ایران,1390-1391,هفته 14,راه‌آهن,1,1,0,1,1,
1390/09/11,15:00,لیگ برتر ایران,1390-1391,هفته 15,پرسپولیس,1,0,1,3,0,
1390/09/18,15:00,لیگ برتر ایران,1390-1391,هفته 16,شهرخودرو مشهد,0,0,0,1,1,
1390/09/25,15:00,لیگ برتر ایران,1390-1391,هفته 17,ملوان,0,0,0,1,0,
1390/10/16,15:00,لیگ برتر ایران,1390-1391,هفته 18,صبای قم,2,2,0,1,0,
1390/10/20,15:00,لیگ برتر ایران,1390-1391,هفته 19,ذوب آهن,2,1,1,3,1,
1389/07/18,16:00,لیگ برتر ایران,1389-1390,هفته 10,نفت تهران,3,1,2,3,1,
1389/07/23,18:15,لیگ برتر ایران,1389-1390,هفته 11,فولاد,1,1,0,1,0,
1389/07/27,14:00,جام حذفی ایران,89-90,یک شانزدهم نهایی,فجر سپاسی,3,0,3,3,1,
1389/08/02,15:30,لیگ برتر ایران,1389-1390,هفته 12,استقلال,1,1,0,1,1,
1389/08/07,15:30,لیگ برتر ایران,1389-1390,هفته 13,سپاهان,0,1,-1,0,0,
1389/08/13,15:00,لیگ برتر ایران,1389-1390,هفته 14,پیکان,2,1,1,3,1,
1389/08/20,15:00,لیگ برتر ایران,1389-1390,هفته 15,صبای قم,0,0,0,1,0,
1389/08/30,14:00,جام حذفی ایران,89-90,یک هشتم نهایی,شهرداری تبریز,5,2,3,3,0,
1389/09/07,15:00,لیگ برتر ایران,1389-1390,هفته 16,سایپا,1,1,0,1,0,
1389/09/12,15:00,لیگ برتر ایران,1389-1390,هفته 17,صنعت نفت آبادان,3,1,2,3,1,
1389/09/18,15:00,لیگ برتر ایران,1389-1390,هفته 18,پرسپولیس,1,0,1,3,1,
1389/09/22,14:00,جام حذفی ایران,89-90,یک چهارم نهایی,ملوان,0,0,0,1,1,
1389/09/28,15:00,لیگ برتر ایران,1389-1390,هفته 19,راه‌آهن,1,0,1,3,0,
1389/10/02,15:00,لیگ برتر ایران,1389-1390,هفته 20,شهرداری تبریز,1,0,1,3,1,
1389/10/15,15:00,لیگ برتر ایران,1389-1390,هفته 21,پاس همدان,0,0,0,1,0,
1389/11/24,15:00,لیگ برتر ایران,1389-1390,هفته 22,شاهین بوشهر,2,1,1,3,1,
1389/11/29,15:00,لیگ برتر ایران,1389-1390,هفته 23,ملوان,0,2,-2,0,0,
1389/12/06,16:15,لیگ برتر ایران,1389-1390,هفته 24,استیل آذین,3,0,3,3,1,
1389/12/15,16:15,لیگ برتر ایران,1389-1390,هفته 25,ذوب آهن,0,0,0,1,0,
1389/12/21,16:15,لیگ برتر ایران,1389-1390,هفته 26,مس کرمان,1,0,1,3,1,
1389/12/27,16:30,لیگ برتر ایران,1389-1390,هفته 27,نفت تهران,1,1,0,1,0,
1390/01/11,17:00,لیگ برتر ایران,1389-1390,هفته 28,فولاد,1,1,0,1,1,
1390/01/21,19:00,لیگ برتر ایران,1389-1390,هفته 29,استقلال,2,1,1,3,0,
1390/01/26,17:00,لیگ برتر ایران,1389-1390,هفته 30,سپاهان,1,3,-2,0,1,
1388/10/02,14:00,لیگ برتر ایران,1388-1389,هفته 21,راه‌آهن,0,0,0,1,0,
1388/10/20,15:00,لیگ برتر ایران,1388-1389,هفته 22,پیکان,1,0,1,3,1,
1388/10/25,15:15,لیگ برتر ایران,1388-1389,هفته 23,استقلال,2,2,0,1,0,
1388/11/02,14:45,لیگ برتر ایران,1388-1389,هفته 24,مقاومت شیراز,0,0,0,1,1,
1388/11/08,15:15,لیگ برتر ایران,1388-1389,هفته 25,فولاد,1,1,0,1,0,
1388/11/13,15:15,لیگ برتر ایران,1388-1389,هفته 26,ملوان,2,1,1,3,1,
1388/11/20,14:00,جام حذفی ایران,88-89,یک شانزدهم,گسترش فولاد,2,3,-1,0,0,
1388/11/30,15:15,لیگ برتر ایران,1388-1389,هفته 27,سایپا,0,1,-1,0,0,
1388/12/15,15:30,لیگ برتر ایران,1388-1389,هفته 28,سپاهان,1,1,0,1,1,
1388/12/21,15:45,لیگ برتر ایران,1388-1389,هفته 29,استیل آذین,2,1,1,3,1,
1389/01/15,16:45,لیگ برتر ایران,1388-1389,هفته 30,ابومسلم,0,3,-3,0,0,
1389/01/27,17:00,لیگ برتر ایران,1388-1389,هفته 31,پرسپولیس,1,1,0,1,1,
1389/02/12,18:00,لیگ برتر ایران,1388-1389,هفته 32,مس کرمان,2,3,-1,0,0,
1389/02/16,18:00,لیگ برتر ایران,1388-1389,هفته 33,استقلال اهواز,2,1,1,3,1,
1389/02/28,17:15,لیگ برتر ایران,1388-1389,هفته 34,پاس همدان,1,1,0,1,0,
1389/05/05,19:40,لیگ برتر ایران,1389-1390,هفته 1,پرسپولیس,0,1,-1,0,0,
1389/05/10,17:30,لیگ برتر ایران,1389-1390,هفته 2,راه‌آهن,3,1,2,3,1,
1389/05/14,17:30,لیگ برتر ایران,1389-1390,هفته 3,شهرداری تبریز,1,1,0,1,0,
1389/05/23,21:45,لیگ برتر ایران,1389-1390,هفته 4,پاس همدان,0,1,-1,0,1,
1389/05/27,21:30,لیگ برتر ایران,1389-1390,هفته 5,شاهین بوشهر,0,0,0,1,0,
1389/06/01,21:30,لیگ برتر ایران,1389-1390,هفته 6,ملوان,2,0,2,3,1,
1389/06/06,21:30,لیگ برتر ایران,1389-1390,هفته 7,استیل آذین,1,0,1,3,0,
1389/06/19,17:00,لیگ برتر ایران,1389-1390,هفته 8,ذوب آهن,1,2,-1,0,1,
1389/06/26,18:15,لیگ برتر ایران,1389-1390,هفته 9,مس کرمان,1,1,0,1,0,
1386/09/01,14:00,جام حذفی ایران,86-87,یک شانزدهم,صبای قم,0,4,-4,0,0,
1387/10/10,14:00,جام حذفی ایران,87-88,یک شانزدهم,پیکان,1,0,1,3,0,
1387/12/18,14:00,جام حذفی ایران,87-88,یک هشتم نهایی,استیل آذین,2,2,0,1,1,
1388/02/16,14:00,جام حذفی ایران,87-88,یک چهارم نهایی,راه‌آهن,0,1,-1,0,1,
1388/05/16,19:30,لیگ برتر ایران,1388-1389,هفته 1,صبای قم,1,2,-1,0,0,
1388/05/24,17:00,لیگ برتر ایران,1388-1389,هفته 2,ذوب آهن,0,0,0,1,1,
1388/05/30,17:45,لیگ برتر ایران,1388-1389,هفته 3,شاهین شهرداری بوشهر,4,2,2,3,0,
1388/06/06,21:30,لیگ برتر ایران,1388-1389,هفته 4,راه‌آهن,2,1,1,3,1,
1388/06/16,21:00,لیگ برتر ایران,1388-1389,هفته 5,پیکان,0,1,-1,0,0,
1388/06/22,21:30,لیگ برتر ایران,1388-1389,هفته 6,استقلال,1,1,0,1,1,
1388/06/29,18:30,لیگ برتر ایران,1388-1389,هفته 7,مقاومت شیراز,2,2,0,1,0,
1388/07/03,15:00,لیگ برتر ایران,1388-1389,هفته 8,فولاد,1,0,1,3,1,
1388/07/10,17:15,لیگ برتر ایران,1388-1389,هفته 9,ملوان,1,1,0,1,0,
1388/07/14,14:45,لیگ برتر ایران,1388-1389,هفته 10,سایپا,1,2,-1,0,1,
1388/07/19,14:15,لیگ برتر ایران,1388-1389,هفته 11,سپاهان,1,3,-2,0,0,
1388/07/25,14:45,لیگ برتر ایران,1388-1389,هفته 12,استیل آذین,2,2,0,1,0,
1388/07/30,14:30,لیگ برتر ایران,1388-1389,هفته 13,ابومسلم,1,0,1,3,1,
1388/08/04,16:40,لیگ برتر ایران,1388-1389,هفته 14,پرسپولیس,1,2,-1,0,0,
1388/08/10,14:15,لیگ برتر ایران,1388-1389,هفته 15,مس کرمان,1,0,1,3,1,
1388/08/15,15:45,لیگ برتر ایران,1388-1389,هفته 16,استقلال اهواز,3,2,1,3,0,
1388/09/06,14:00,لیگ برتر ایران,1388-1389,هفته 17,پاس همدان,2,2,0,1,1,
1388/09/13,14:00,لیگ برتر ایران,1388-1389,هفته 18,صبای قم,3,1,2,3,1,
1388/09/20,14:00,لیگ برتر ایران,1388-1389,هفته 19,ذوب آهن,0,1,-1,0,0,
1388/09/27,14:00,لیگ برتر ایران,1388-1389,هفته 20,شاهین شهرداری بوشهر,1,1,0,1,1,
1380/09/02,17:00,لیگ برتر ایران,1380-1381,هفته 3,استقلال,0,4,-4,0,0,
1380/09/06,16:30,لیگ برتر ایران,1380-1381,هفته 4,سپاهان,0,0,0,1,1,
1380/09/18,14:30,لیگ برتر ایران,1380-1381,هفته 5,ذوب آهن,0,2,-2,0,1,
1380/09/26,16:00,لیگ برتر ایران,1380-1381,هفته 6,ابومسلم,1,2,-1,0,0,
1380/10/06,16:00,لیگ برتر ایران,1380-1381,هفته 7,استقلال رشت,0,0,0,1,1,
1380/10/13,14:30,لیگ برتر ایران,1380-1381,هفته 8,پیکان,0,0,0,1,0,
1380/10/27,14:30,لیگ برتر ایران,1380-1381,هفته 9,سایپا,0,0,0,1,1,
1380/11/05,14:30,لیگ برتر ایران,1380-1381,هفته 10,ملوان,0,3,-3,0,0,
1380/11/12,14:30,لیگ برتر ایران,1380-1381,هفته 11,فجر سپاسی,0,0,0,1,1,
1380/11/26,14:30,لیگ برتر ایران,1380-1381,هفته 12,برق شیراز,0,1,-1,0,0,
1380/12/04,15:00,لیگ برتر ایران,1380-1381,هفته 13,فولاد,0,3,-3,0,1,
1380/12/16,15:00,لیگ برتر ایران,1380-1381,هفته 14,پاس همدان,1,1,0,1,1,
1380/12/21,15:00,لیگ برتر ایران,1380-1381,هفته 15,پرسپولیس,1,2,-1,0,0,
1380/12/26,14:30,لیگ برتر ایران,1380-1381,هفته 16,استقلال,0,1,-1,0,1,
1381/01/26,16:00,لیگ برتر ایران,1380-1381,هفته 17,سپاهان,1,0,1,3,0,
1381/02/01,16:00,لیگ برتر ایران,1380-1381,هفته 18,ذوب آهن,0,1,-1,0,0,
1381/02/06,16:00,لیگ برتر ایران,1380-1381,هفته 19,ابومسلم,4,1,3,3,1,
1381/02/10,16:00,لیگ برتر ایران,1380-1381,هفته 20,استقلال رشت,0,2,-2,0,0,
1381/02/14,16:30,لیگ برتر ایران,1380-1381,هفته 21,پیکان,1,2,-1,0,1,
1381/02/19,15:30,لیگ برتر ایران,1380-1381,هفته 22,سایپا,0,2,-2,0,0,
1381/02/24,16:00,لیگ برتر ایران,1380-1381,هفته 23,ملوان,2,2,0,1,1,
1381/02/29,16:00,لیگ برتر ایران,1380-1381,هفته 24,فجر سپاسی,1,1,0,1,0,
1381/03/03,16:30,لیگ برتر ایران,1380-1381,هفته 25,برق شیراز,0,3,-3,0,1,
1381/03/07,17:00,لیگ برتر ایران,1380-1381,هفته 26,فولاد,0,2,-2,0,0,
1380/08/11,13:00,لیگ برتر ایران,1380-1381,هفته 1,پاس همدان,0,0,0,1,0,
1380/08/28,16:00,لیگ برتر ایران,1380-1381,هفته 2,پرسپولیس,0,1,-1,0,1,
